user_id,round,run_id,timestamp,posts_exact_match_rate,posts_semantic_similarity,posts_content_accuracy,posts_format_compliance,posts_exact_matches,posts_total_samples,replies_mean_rouge1,replies_mean_bleu,replies_mean_perplexity,replies_mean_bertscore_f1,replies_mean_combined,replies_std_combined,replies_total_samples,overall_mean_combined_score,overall_std_combined_score,overall_best_score,overall_worst_score
1.1782932009073132e+18,27,run_r50_bleu_only_round_27,,0.0,0.6422597010832306,0.7028657616892912,1.0,0,3,0.0,0.0,208.85491943359375,0.7996070186297098,0.0,0.0,3,0.2908629819771969,0.2934859987866377,0.651158213392685,0.0
1.1782932009073132e+18,50,run_r50_bleu_only_round_50,,0.0,0.6487956487956489,0.7094017094017094,0.8333333333333334,0,3,0.01904761904761905,0.0,122.60965728759766,0.7865280310312907,0.0,0.0,3,0.21944167166419629,0.23026371927648448,0.5783569866465142,0.0
1.1782932009073132e+18,43,run_r50_bleu_only_round_43,,0.0,0.5928571428571429,0.6761904761904761,0.6666666666666666,0,3,0.14814814814814817,0.0,1329.402323404948,0.8311716119448344,0.0,0.0,3,0.22918510256874103,0.2345292975260909,0.5448364887050657,0.0
1.1782932009073132e+18,46,run_r50_bleu_only_round_46,,0.0,0.6370997423629002,0.697705802968961,0.6666666666666666,0,3,0.13333333333333333,0.0,2725.607869466146,0.8291195432345072,0.0,0.0,3,0.23851275364524302,0.24144304110988937,0.5331675363405771,0.0
1.1782932009073132e+18,48,run_r50_bleu_only_round_48,,0.0,0.6060606060606061,0.6666666666666666,0.8333333333333334,0,3,0.08333333333333333,0.0,2558.0169881184897,0.8051891326904297,0.0,0.0,3,0.2584671772893878,0.25986259707893555,0.5706745777055999,0.0
1.1782932009073132e+18,12,run_r50_bleu_only_round_12,,0.0,0.6125965537730244,0.6732026143790849,1.0,0,3,0.0,0.0,305.80794525146484,0.8038562337557474,0.0,0.0,3,0.2550892975732043,0.2677340371953735,0.6039435155169263,0.0
1.1782932009073132e+18,41,run_r50_bleu_only_round_41,,0.0,0.615079365079365,0.6984126984126983,0.6666666666666666,0,3,0.14814814814814817,0.0,1587.384521484375,0.8309173385302225,0.0,0.0,3,0.21432560073444254,0.21616468413993092,0.4578831372133982,0.0
1.1782932009073132e+18,3,run_r50_bleu_only_round_3,,0.0,0.4365079365079365,0.4761904761904762,0.6166666666666667,0,3,0.0,0.0,80.6729507446289,0.7791894475618998,0.0,0.0,3,0.15634590888291697,0.19921250034564428,0.46892438882117243,0.0
1.1782932009073132e+18,4,run_r50_bleu_only_round_4,,0.0,0.6616161616161617,0.7222222222222222,1.0,0,3,0.0392156862745098,0.0,454.76769002278644,0.8051859339078268,0.0,0.0,3,0.2921625133115067,0.29233554991660604,0.6039435155169263,0.0
1.1782932009073132e+18,37,run_r50_bleu_only_round_37,,0.0,0.5643939393939394,0.625,0.8333333333333334,0,3,0.16666666666666666,0.0,60.355560302734375,0.811314860979716,0.0,0.0,3,0.22256062669172294,0.23975873668032377,0.5706745777055999,0.0
1.1782932009073132e+18,14,run_r50_bleu_only_round_14,,0.0,0.6312706900942195,0.69187675070028,1.0,0,3,0.0,0.0,1112.7958170572917,0.802836537361145,0.0,0.0,3,0.2833143599043148,0.2881407361973181,0.651158213392685,0.0
1.1782932009073132e+18,32,run_r50_bleu_only_round_32,,0.0,0.5018853695324285,0.4871794871794872,0.8333333333333334,0,3,0.0,0.0,388.3092295328776,0.8010269602139791,0.0,0.0,3,0.1965829130468236,0.21836972115269387,0.5156626918239822,0.0
1.1782932009073132e+18,45,run_r50_bleu_only_round_45,,0.0,0.6893939393939394,0.75,0.5,0,3,0.2638888888888889,0.0,69.41102854410808,0.8145412007967631,0.0,0.0,3,0.22404463703187105,0.22778801847860394,0.4920274515385508,0.0
1.1782932009073132e+18,49,run_r50_bleu_only_round_49,,0.0,0.6370997423629002,0.6977058029689608,1.0,0,3,0.0,0.0,333.3739318847656,0.7963700493176779,0.0,0.0,3,0.27781442967535586,0.27853669906711015,0.5783569866465142,0.0
1.1782932009073132e+18,36,run_r50_bleu_only_round_36,,0.0,0.5910230120756437,0.6516290726817042,0.6666666666666666,0,3,0.0,0.0,114.93331400553386,0.8036316235860189,0.0,0.0,3,0.22567692128810482,0.22910549886484022,0.4920274515385508,0.0
1.1782932009073132e+18,13,run_r50_bleu_only_round_13,,0.0,0.5928571428571429,0.6761904761904761,1.0,0,3,0.0,0.0,368.45557657877606,0.8135836124420166,0.0,0.0,3,0.24611556070508187,0.2504127043497657,0.5448364887050657,0.0
1.1782932009073132e+18,28,run_r50_bleu_only_round_28,,0.0,0.6378066378066378,0.6984126984126983,1.0,0,3,0.0,0.0,361.5660146077474,0.7942190567652384,0.0,0.0,3,0.269120534951627,0.27437164514078716,0.6039435155169263,0.0
1.4204222245914296e+18,38,run_r50_bleu_only_round_38,,0.0,0.6915535444947208,0.7307692307692308,0.5,0,3,0.042328042328042326,0.0,53.14173126220703,0.797567347685496,0.0,0.0,3,0.1176495499530409,0.2630723912172567,0.7058972997182454,0.0
1.4204222245914296e+18,40,run_r50_bleu_only_round_40,,0.0,0.5965321228479123,0.5641025641025641,0.6666666666666666,0,3,0.02259887005649718,0.0,42.81094169616699,0.7872836391131083,0.0,0.0,3,0.1176495499530409,0.2630723912172567,0.7058972997182454,0.0
1.4204222245914296e+18,27,run_r50_bleu_only_round_27,,0.0,0.3476140717520028,0.3333333333333333,0.8333333333333334,0,3,0.0,0.0,55.62648137410482,0.7938926219940186,0.0,0.0,3,0.1183604557135428,0.26466202482333506,0.7101627342812568,0.0
1.4204222245914296e+18,39,run_r50_bleu_only_round_39,,0.0,0.6897338772338774,0.7099358974358975,0.8333333333333334,0,3,0.01388888888888889,0.0,34.231763203938804,0.7902080019315084,0.0,0.0,3,0.1176495499530409,0.2630723912172567,0.7058972997182454,0.0
1.4204222245914296e+18,28,run_r50_bleu_only_round_28,,0.0,0.3554593554593555,0.3333333333333333,0.8333333333333334,0,3,0.0,0.0,88.13561375935872,0.774066150188446,0.0,0.0,3,0.1183604557135428,0.26466202482333506,0.7101627342812568,0.0
1.4204222245914296e+18,41,run_r50_bleu_only_round_41,,0.0,0.0,0.0,1.0,0,3,0.0,0.0,49.55677096048991,0.7870551546414694,0.0,0.0,3,0.0,0.0,0.0,0.0
1.4204222245914296e+18,46,run_r50_bleu_only_round_46,,0.0,0.34836601307189546,0.3333333333333333,1.0,0,3,0.014492753623188406,0.0,201.91766357421875,0.7929520606994629,0.0,0.0,3,0.14922852979914358,0.33368513681323814,0.8953711787948615,0.0
1.4204222245914296e+18,32,run_r50_bleu_only_round_32,,0.0,0.7026307026307027,0.7228327228327229,0.5,0,3,0.0,0.0,46.51922607421875,0.7843052546183268,0.0,0.0,3,0.22620745841583387,0.26064442162616186,0.7058972997182454,0.0
1.4204222245914296e+18,43,run_r50_bleu_only_round_43,,0.0,0.5769423558897243,0.6245614035087719,0.5,0,3,0.0,0.0,54.827789306640625,0.7875153422355652,0.0,0.0,3,0.1176495499530409,0.2630723912172567,0.7058972997182454,0.0
302225782.0,38,run_r50_bleu_only_round_38,,0.0,0.48155645524066576,0.41488978857399905,0.75,0,6,0.12784732987862252,0.0,74.08613204956055,0.8078227639198303,0.0,0.0,6,0.1805063544405211,0.19490995712522458,0.537700339214563,0.0
302225782.0,14,run_r50_bleu_only_round_14,,0.0,0.5140535792709705,0.5670838823012736,1.0,0,6,0.01904761904761905,0.0,492.9884262084961,0.8239826758702596,0.0,0.0,6,0.2099600405034082,0.27724460368171283,0.7102992180127422,0.0
302225782.0,48,run_r50_bleu_only_round_48,,0.0,0.45216727716727717,0.36883394383394386,0.6666666666666666,0,6,0.08251119049480575,0.0,116.12766393025716,0.8140131731828054,0.0,0.0,6,0.18397385405569833,0.1993669072049672,0.48507643060367395,0.0
302225782.0,12,run_r50_bleu_only_round_12,,0.0,0.5128205128205129,0.5833333333333334,0.9166666666666666,0,6,0.12406848970316463,0.0,176.8309122721354,0.830538789431254,0.0,0.0,6,0.2205959359760704,0.2629385975412453,0.7102992180127422,0.0
302225782.0,3,run_r50_bleu_only_round_3,,0.0,0.5462912087912088,0.5462912087912088,0.8333333333333334,0,6,0.052118171683389065,0.0,197.70729064941406,0.8220486243565878,0.0,0.0,6,0.2243668667968739,0.23774907630207245,0.5642499050012735,0.0
302225782.0,31,run_r50_bleu_only_round_31,,0.0,0.34530423280423284,0.30892857142857144,1.0,0,6,0.030365769496204276,0.0,176.11114247639975,0.8243799606959025,0.0,0.0,6,0.10210741387939921,0.18246444729148512,0.5072784644062104,0.0
302225782.0,27,run_r50_bleu_only_round_27,,0.0,0.24500661375661378,0.17857142857142858,1.0,0,6,0.08593387663155105,0.0,88.35541025797527,0.8251651128133138,0.0,0.0,6,0.07180424747582725,0.16056322840018725,0.43361890903486755,0.0
302225782.0,40,run_r50_bleu_only_round_40,,0.0,0.48427318295739347,0.44260651629072684,0.6666666666666666,0,6,0.12459909000264678,0.0,61.40508524576823,0.8143803477287292,0.0,0.0,6,0.15978483487128536,0.1690746436416986,0.41488865152565224,0.0
302225782.0,4,run_r50_bleu_only_round_4,,0.0,0.5614385614385614,0.5614385614385614,0.8333333333333334,0,6,0.02702702702702703,0.0,476.5402069091797,0.8234278758366903,0.0,0.0,6,0.24129323633494557,0.2440849568988827,0.5253819788848316,0.0
302225782.0,50,run_r50_bleu_only_round_50,,0.0,0.5425150829562594,0.5817307692307693,0.5,0,6,0.09822659291698597,0.0,63.5316956837972,0.8236904939015707,0.0,0.0,6,0.16146237132169364,0.17099972786317297,0.4490332324149126,0.0
302225782.0,39,run_r50_bleu_only_round_39,,0.0,0.47996031746031753,0.47996031746031753,0.5,0,6,0.0739406072739406,0.0,77.55954360961914,0.8062352935473124,0.0,0.0,6,0.1631766758046536,0.17047756047246623,0.39898493411026575,0.0
302225782.0,49,run_r50_bleu_only_round_49,,0.0,0.5389538293950059,0.624465811965812,0.6666666666666666,0,6,0.08412723427325637,0.0,103.55115763346355,0.8175540367762247,0.0,0.0,6,0.17128615797678182,0.17988457389074938,0.4679666479405632,0.0
302225782.0,41,run_r50_bleu_only_round_41,,0.0,0.5550494826810616,0.5550494826810616,0.5833333333333334,0,6,0.057888790647411335,0.0,92.66826248168945,0.8135428527990977,0.0,0.0,6,0.1784601203842812,0.19044709036862073,0.46924700641055994,0.0
302225782.0,46,run_r50_bleu_only_round_46,,0.0,0.22654799135357453,0.08974358974358974,0.9,0,6,0.09443116798574708,0.0,69.54917017618816,0.8206232388814291,0.0,0.0,6,0.08211931410145125,0.14210359243639323,0.4798782066690663,0.0
302225782.0,32,run_r50_bleu_only_round_32,,0.0,0.44609788359788355,0.42757936507936506,0.8333333333333334,0,6,0.07663817663817662,0.0,84.3743839263916,0.8186687628428141,0.0,0.0,6,0.14282909137484764,0.18333007772641116,0.43118957587226725,0.0
302225782.0,43,run_r50_bleu_only_round_43,,0.0,0.46868908382066277,0.3830409356725146,0.9166666666666666,0,6,0.09348302024772613,0.0,118.12397766113281,0.8247469166914622,0.0,0.0,6,0.1855674238927306,0.2338555248975604,0.5814307369682193,0.0
302225782.0,28,run_r50_bleu_only_round_28,,0.0,0.2702437912964229,0.24242424242424243,0.7833333333333333,0,6,0.08801846939777976,0.0,123.92301368713379,0.8276393413543701,0.0,0.0,6,0.0989094579108153,0.1719239255872554,0.43361890903486755,0.0
1.0679687024008764e+18,8,run_r50_bleu_only_round_8,,0.0,0.36216426942233393,0.2708333333333333,0.8000000000000002,0,6,0.1071441802107852,0.0,49.03633499145508,0.8249122401078542,0.0,0.0,6,0.1218141135764082,0.18084179088647148,0.6450001140844255,0.0
1.0679687024008764e+18,49,run_r50_bleu_only_round_49,,0.16666666666666666,0.7151308091241351,0.7779013718946978,0.9,1,6,0.13671014748441743,0.0,29.43748601277669,0.8232149581114451,0.0,0.0,6,0.29288969367739554,0.3445218636356082,1.0,0.0
1.0679687024008764e+18,36,run_r50_bleu_only_round_36,,0.0,0.6147156537033418,0.6666666666666666,0.9,0,6,0.09945095232396052,0.0,38.41346708933512,0.8231043418248495,0.0,0.0,6,0.23679777550773695,0.28610472635825795,0.670422683816333,0.0
1.0679687024008764e+18,42,run_r50_bleu_only_round_42,,0.0,0.34084690084690084,0.16666666666666666,0.75,0,6,0.15521340046233528,0.0,28.414824962615967,0.8233372171719869,0.0,0.0,6,0.11429132632464799,0.16318417046778785,0.5946035575013605,0.0
1.0679687024008764e+18,20,run_r50_bleu_only_round_20,,0.0,0.3004898944832204,0.1667902607835867,0.7000000000000001,0,6,0.054736757329931655,0.0,69.29021135965984,0.8287857671578726,0.0,0.0,6,0.12177555721286563,0.12435911931019553,0.2904391540454532,0.0
1.0679687024008764e+18,28,run_r50_bleu_only_round_28,,0.0,0.2660425993759327,0.12583095916429252,0.7000000000000001,0,6,0.0799002116375665,0.0,48.29702377319336,0.8237607181072235,0.0,0.0,6,0.09458123771699166,0.11385002972258065,0.30950920105373303,0.0
1.0679687024008764e+18,45,run_r50_bleu_only_round_45,,0.0,0.5784331409331409,0.5666666666666667,0.8500000000000001,0,6,0.16784635195556638,0.0,20.42619816462199,0.8216168781121572,0.0,0.0,6,0.21009172218634098,0.2713087669925209,0.7691605673134586,0.0
1.0679687024008764e+18,47,run_r50_bleu_only_round_47,,0.0,0.47349747370950507,0.4450574712643678,0.8500000000000001,0,6,0.15362479458418507,0.0,21.769481023152668,0.823727418979009,0.0,0.0,6,0.16316414991790748,0.21259073809114648,0.5946035575013605,0.0
1.0679687024008764e+18,11,run_r50_bleu_only_round_11,,0.0,0.44187007107210835,0.38709677419354843,0.725,0,6,0.1303085184999568,0.0,40.539073626200356,0.8298756380875906,0.0,0.0,6,0.13265719655308203,0.1747589256537735,0.5554570250728591,0.0
1.0679687024008764e+18,7,run_r50_bleu_only_round_7,,0.0,0.3735224886540676,0.2708333333333333,0.9,0,6,0.14289753192665813,0.0,43.01088937123617,0.8265319367249807,0.0,0.0,6,0.12560000499380378,0.1463185420006609,0.45180100180492233,0.0
1.0679687024008764e+18,43,run_r50_bleu_only_round_43,,0.0,0.5056272045855379,0.4825617283950618,0.9,0,6,0.13494096667944075,0.0,30.910751024882,0.8279995222886404,0.0,0.0,6,0.17594382309762055,0.1990713665255024,0.5946035575013605,0.0
1.0679687024008764e+18,14,run_r50_bleu_only_round_14,,0.0,0.7079442481741332,0.7858663260962112,0.9,0,6,0.14983753663388863,0.0,46.339660008748375,0.8261872132619222,0.0,0.0,6,0.25577645014441175,0.2781269972750302,0.6450001140844255,0.0
1.0679687024008764e+18,3,run_r50_bleu_only_round_3,,0.0,0.14533356886298063,0.0,0.5833333333333334,0,6,0.15146024929111837,0.005492308306938329,55.37625249226888,0.8094438314437866,0.005492308306938329,0.012281174727700885,6,0.04822943852338221,0.05982144959453911,0.1894020890042567,0.0
1.0679687024008764e+18,27,run_r50_bleu_only_round_27,,0.0,0.2599259974259974,0.10416666666666667,0.7000000000000001,0,6,0.10342162650580321,0.0,57.29694398244222,0.8260207176208496,0.0,0.0,6,0.09432449316691068,0.10060480729778155,0.2451341488520204,0.0
1.0679687024008764e+18,12,run_r50_bleu_only_round_12,,0.0,0.2350877192982456,0.0,1.0,0,6,0.11859275798642961,0.0,42.58108647664388,0.8276077310244242,0.0,0.0,6,0.08313915725669418,0.11757652375668644,0.24941747177008255,0.0
1.0679687024008764e+18,1,run_r50_bleu_only_round_1,,0.0,0.256636073521128,0.10416666666666667,0.6916666666666665,0,6,0.11860657926779385,0.0,46.547829945882164,0.8034784197807312,0.0,0.0,6,0.06682092897407801,0.09341262386434182,0.31239399369202553,0.0
1.0679687024008764e+18,32,run_r50_bleu_only_round_32,,0.0,0.6691468253968255,0.7881944444444443,0.75,0,6,0.06790992870689265,0.0,171.6102466583252,0.8310062885284424,0.0,0.0,6,0.25049857255459357,0.2564150361187331,0.6525452579142078,0.0
1.0679687024008764e+18,4,run_r50_bleu_only_round_4,,0.0,0.20442710883887352,0.053571428571428575,0.75,0,6,0.1611336040348387,0.0,45.86396789550781,0.8226014375686646,0.0,0.0,6,0.08269239592818943,0.09476397392568846,0.2626909894424158,0.0
1.0679687024008764e+18,25,run_r50_bleu_only_round_25,,0.16666666666666666,0.46037296037296044,0.37703962703962707,0.9,1,6,0.12095406615010328,0.0,34.106993675231934,0.8315332233905792,0.0,0.0,6,0.18741769646830034,0.293831001383951,1.0,0.0
38283342.0,21,run_r50_bleu_only_round_21,,0.0,0.8141321044546851,1.0,0.5,0,3,0.09135211766790714,0.0,179.45108540852866,0.8195422093073527,0.0,0.0,3,0.30642243100856664,0.3150900053701041,0.7594127321419775,0.0
38283342.0,41,run_r50_bleu_only_round_41,,0.0,0.7888980792206599,0.8703703703703703,0.5,0,3,0.0,0.0,50.53554153442383,0.7912526726722717,0.0,0.0,3,0.23104284509244807,0.23509210555278634,0.5465901774195553,0.0
38283342.0,31,run_r50_bleu_only_round_31,,0.0,0.7892959770114943,1.0,0.5,0,3,0.07148871029468044,0.0,109.93126169840495,0.8129581610361735,0.0,0.0,3,0.24305115137253405,0.24339333392548612,0.5113051849238224,0.0
38283342.0,27,run_r50_bleu_only_round_27,,0.0,0.8470862470862471,1.0,0.5,0,3,0.04451875635096342,0.0,78.91724141438802,0.7986695369084676,0.0,0.0,3,0.23024216330484903,0.23298023240898652,0.5113051849238224,0.0
38283342.0,36,run_r50_bleu_only_round_36,,0.0,0.8556089743589744,1.0,0.5,0,3,0.08160552897395003,0.0,114.46219635009766,0.8074819246927897,0.0,0.0,3,0.22844710447409325,0.23083944757441843,0.5005348319392877,0.0
38283342.0,8,run_r50_bleu_only_round_8,,0.0,0.7983685576566555,1.0,0.5,0,3,0.04597701149425287,0.0,159.71387227376303,0.8232157826423645,0.0,0.0,3,0.2539455831694053,0.2550771647905842,0.5465901774195553,0.0
38283342.0,34,run_r50_bleu_only_round_34,,0.0,0.8233445566778901,1.0,0.5,0,3,0.04822469528351881,0.0,94.69003295898438,0.8078471223513285,0.0,0.0,3,0.22894392463942262,0.23173243033556937,0.5071955433628398,0.0
38283342.0,37,run_r50_bleu_only_round_37,,0.0,0.755665024630542,1.0,0.5,0,3,0.09398496240601505,0.0,322.58807881673175,0.8198933800061544,0.0,0.0,3,0.23807493108078592,0.23816403121464336,0.486206938510263,0.0
38283342.0,3,run_r50_bleu_only_round_3,,0.0,0.8113095238095238,1.0,1.0,0,3,0.06837606837606837,0.0,104.97360738118489,0.8147103786468506,0.0,0.0,3,0.3656019907552858,0.3715324022902591,0.8147311725872094,0.0
38283342.0,4,run_r50_bleu_only_round_4,,0.0,0.8214506172839506,1.0,1.0,0,3,0.07142857142857142,0.0,196.96208699544272,0.8306347926457723,0.0,0.0,3,0.34585498650803465,0.35439729141668747,0.8455296286850277,0.0
38283342.0,40,run_r50_bleu_only_round_40,,0.0,0.8008978675645343,1.0,0.5,0,3,0.04521072796934866,0.0,245.96514383951822,0.8244874477386475,0.0,0.0,3,0.2471044937775946,0.2504294920955205,0.5712530643438759,0.0
38283342.0,13,run_r50_bleu_only_round_13,,0.0,0.821978021978022,1.0,0.6666666666666666,0,3,0.08515561726252459,0.0,122.04512278238933,0.8112610379854838,0.0,0.0,3,0.3204631802034938,0.34613100671886027,0.9025139799587886,0.0
38283342.0,49,run_r50_bleu_only_round_49,,0.0,0.8411083540115798,1.0,0.5,0,3,0.03968253968253969,0.0,166.36141967773438,0.8078790505727133,0.0,0.0,3,0.259551397087401,0.26424711758870034,0.6086209927462802,0.0
38283342.0,28,run_r50_bleu_only_round_28,,0.0,0.7653102664067576,0.8771929824561404,0.5,0,3,0.07949588137844525,0.0,74.5903803507487,0.8100402355194092,0.0,0.0,3,0.21823080896965277,0.2207428410811382,0.5000945825274817,0.0
38283342.0,42,run_r50_bleu_only_round_42,,0.0,0.8119275189167663,1.0,0.5,0,3,0.040804385316580434,0.0,73.20112864176433,0.788435677687327,0.0,0.0,3,0.23640071049359612,0.23936232601774146,0.5465901774195553,0.0
38283342.0,1,run_r50_bleu_only_round_1,,0.0,0.7818181818181819,1.0,0.5,0,3,0.037449132576568865,0.0,55.806287129720054,0.781618336836497,0.0,0.0,3,0.2240600165897053,0.23304921194273262,0.5131341853758327,0.0
38283342.0,14,run_r50_bleu_only_round_14,,0.0,0.8186996520329854,0.8918918918918918,0.6666666666666666,0,3,0.05932339265672598,0.0,114.65186818440755,0.8067274689674377,0.0,0.0,3,0.306711588330203,0.32818806243234006,0.8455296286850277,0.0
38283342.0,32,run_r50_bleu_only_round_32,,0.0,0.7807732497387669,1.0,0.5,0,3,0.0545332977891057,0.0,78.71383412679036,0.8041454156239828,0.0,0.0,3,0.24157303188954873,0.24190756677394143,0.5071955433628398,0.0
38283342.0,25,run_r50_bleu_only_round_25,,0.0,0.8214506172839506,1.0,0.5,0,3,0.11283059035454025,0.0,80.70147959391277,0.8122031887372335,0.0,0.0,3,0.2993838758850335,0.309844000302599,0.749736708914111,0.0
1.168793622248067e+18,27,run_r50_bleu_only_round_27,,0.0,0.7529002997752997,0.9305555555555555,0.5,0,6,0.0,0.0,471.28331820170087,0.8017992675304413,0.0,0.0,6,0.34256750485132925,0.35140223883957716,0.7852863431246057,0.0
1.168793622248067e+18,50,run_r50_bleu_only_round_50,,0.0,0.5153804831224186,0.5656565656565657,0.5666666666666668,0,6,0.0,0.0,228.88613891601562,0.810046374797821,0.0,0.0,6,0.1505900298416932,0.23130814201980038,0.6600094079574432,0.0
1.168793622248067e+18,12,run_r50_bleu_only_round_12,,0.0,0.7896419146419147,0.9494949494949495,0.5,0,6,0.08333333333333333,0.0,557.9135131835938,0.812541276216507,0.0,0.0,6,0.3553093889405936,0.3592920056434464,0.8074404089919129,0.0
1.168793622248067e+18,46,run_r50_bleu_only_round_46,,0.0,0.2377450980392157,0.27941176470588236,0.6333333333333333,0,6,0.0,0.0,292.2361145019531,0.810046374797821,0.0,0.0,6,0.09767460771035301,0.21898011134750672,0.6248273478269581,0.0
1.168793622248067e+18,48,run_r50_bleu_only_round_48,,0.0,0.0,0.0,0.7000000000000001,0,6,0.0,0.0,260.5611267089844,0.810046374797821,0.0,0.0,6,0.0,0.0,0.0,0.0
1.168793622248067e+18,3,run_r50_bleu_only_round_3,,0.0,0.7270517923768698,0.7709114414996767,0.5833333333333334,0,6,0.011494252873563218,0.0,90.08627827962239,0.7850987911224365,0.0,0.0,6,0.24147128445945512,0.25192091956164003,0.5920122608798353,0.0
1.168793622248067e+18,41,run_r50_bleu_only_round_41,,0.0,0.23232323232323235,0.23232323232323235,0.6333333333333333,0,6,0.0,0.0,205.50001525878906,0.8047682245572408,0.0,0.0,6,0.05013392420590599,0.11212552443298927,0.3063252014843768,0.0
1.168793622248067e+18,4,run_r50_bleu_only_round_4,,0.0,0.7337253517355024,0.8864318864318864,0.5833333333333334,0,6,0.0,0.0,491.9856313069661,0.78705695271492,0.0,0.0,6,0.22885627855229154,0.24068613442434184,0.5815300251674751,0.0
1.168793622248067e+18,14,run_r50_bleu_only_round_14,,0.0,0.22747724089635857,0.22226890756302523,0.8000000000000002,0,6,0.0,0.0,764.8982696533203,0.792641301949819,0.0,0.0,6,0.0826532723654927,0.18484547286367836,0.5036778586967615,0.0
1.168793622248067e+18,32,run_r50_bleu_only_round_32,,0.0,0.5141064359814359,0.6161616161616162,0.5666666666666668,0,6,0.0,0.0,89.51017761230469,0.7959873278935751,0.0,0.0,6,0.18798999891839832,0.2839611803681469,0.7848271093555108,0.0
1.168793622248067e+18,13,run_r50_bleu_only_round_13,,0.0,0.6734006734006734,0.7828282828282829,0.5333333333333333,0,6,0.09523809523809525,0.0,428.8665943145752,0.8004743754863739,0.0,0.0,6,0.2952120276814783,0.3541363266252426,0.8074404089919129,0.0
1.168793622248067e+18,49,run_r50_bleu_only_round_49,,0.0,0.7883253029422385,0.8989898989898991,0.5,0,6,0.0,0.0,183.03316116333008,0.7952964802583059,0.0,0.0,6,0.24895433391525476,0.27057208292554447,0.6772074796689379,0.0
1.168793622248067e+18,28,run_r50_bleu_only_round_28,,0.0,0.7890291317710673,0.8989898989898991,0.5,0,6,0.0,0.0,591.5900268554688,0.7839255928993225,0.0,0.0,6,0.2973140283203048,0.31764916067260823,0.7852863431246057,0.0
1.05272263315268e+18,50,run_r50_bleu_only_round_50,,0.0,0.6675,0.7341666666666667,1.0,0,3,0.17489177489177488,0.0,237.33464558919272,0.8484401305516561,0.0,0.0,3,0.26898219346711544,0.2894158937320701,0.7242447986095324,0.0
1.05272263315268e+18,4,run_r50_bleu_only_round_4,,0.0,0.775,0.875,0.5,0,3,0.05210134368212693,0.0,63.384239196777344,0.8095271587371826,0.0,0.0,3,0.2362950665576462,0.286790360768657,0.7947545184555568,0.0
1.05272263315268e+18,7,run_r50_bleu_only_round_7,,0.0,0.6811965811965811,0.7478632478632479,1.0,0,3,0.09905372405372405,0.0,228.79580688476562,0.8422746658325195,0.0,0.0,3,0.25746758451978147,0.28418456131974584,0.7417090125042293,0.0
1.05272263315268e+18,43,run_r50_bleu_only_round_43,,0.0,0.6954365079365079,0.8541666666666666,0.5,0,3,0.020202020202020204,0.0,232.2759780883789,0.8276597658793131,0.0,0.0,3,0.20114740117475652,0.21184600741488754,0.5311774716848523,0.0
1.05272263315268e+18,14,run_r50_bleu_only_round_14,,0.0,0.7303553000147427,0.8431372549019608,1.0,0,3,0.1367965367965368,0.0,162.61005401611328,0.8533300956090292,0.0,0.0,3,0.2562902721089195,0.2818467094165953,0.7389984311706962,0.0
1.05272263315268e+18,12,run_r50_bleu_only_round_12,,0.0,0.684407096171802,0.8431372549019608,0.5,0,3,0.10991906644080557,0.0,133.97343953450522,0.8297914067904154,0.0,0.0,3,0.21952839435753826,0.23084197400478854,0.5713353836987581,0.0
1.05272263315268e+18,3,run_r50_bleu_only_round_3,,0.0,0.7464285714285714,0.875,0.5,0,3,0.03947729289344196,0.0,112.99036407470703,0.8089699745178223,0.0,0.0,3,0.24900122142797923,0.29311655580760626,0.7947545184555568,0.0
1.05272263315268e+18,27,run_r50_bleu_only_round_27,,0.0,0.6179029304029303,0.7131410256410255,0.8333333333333334,0,3,0.0,0.0,655.85205078125,0.8169863224029541,0.0,0.0,3,0.19730960747801793,0.20106427136977006,0.4711481135595005,0.0
1.05272263315268e+18,41,run_r50_bleu_only_round_41,,0.0,0.8187134502923977,0.8888888888888888,0.8333333333333334,0,3,0.03408399269628728,0.0,63.305450439453125,0.8261187473932902,0.0,0.0,3,0.2411346406012611,0.2734667665615685,0.7389984311706962,0.0
1.05272263315268e+18,35,run_r50_bleu_only_round_35,,0.0,0.7589267285861713,0.8431372549019608,1.0,0,3,0.07694057694057695,0.0,171.65737915039062,0.838758627573649,0.0,0.0,3,0.3267643382536327,0.3630265292792411,0.8725129388059688,0.0
1.05272263315268e+18,46,run_r50_bleu_only_round_46,,0.0,0.7305622009569378,0.7481060606060606,0.6666666666666666,0,3,0.056613756613756616,0.0,54.2410888671875,0.815160890420278,0.0,0.0,3,0.20779173737694756,0.21657634450978897,0.5376962061407932,0.0
1.05272263315268e+18,48,run_r50_bleu_only_round_48,,0.0,0.7240079365079365,0.8541666666666666,1.0,0,3,0.08908856001879258,0.0,75.62200419108073,0.837535579999288,0.0,0.0,3,0.2827592689530888,0.30340021283801655,0.7242447986095324,0.0
1.05272263315268e+18,37,run_r50_bleu_only_round_37,,0.0,0.7005434782608696,0.8541666666666666,0.8333333333333334,0,3,0.05539719975499061,0.0,94.16296132405598,0.8105353514353434,0.0,0.0,3,0.21408201848901953,0.22513543303778807,0.56680061739951,0.0
1.05272263315268e+18,49,run_r50_bleu_only_round_49,,0.0,0.7117424242424243,0.8541666666666666,1.0,0,3,0.17777777777777778,0.0,187.40522003173828,0.8522486885388693,0.0,0.0,3,0.2711111314455899,0.2914079997274844,0.7242447986095324,0.0
1.05272263315268e+18,36,run_r50_bleu_only_round_36,,0.0,0.6592948717948718,0.7259615384615384,0.8333333333333334,0,3,0.028985507246376812,0.0,233.74713643391928,0.8584505518277487,0.0,0.0,3,0.1987284387308145,0.20256761583461727,0.4746791388502799,0.0
1.05272263315268e+18,28,run_r50_bleu_only_round_28,,0.0,0.7413847117794486,0.8541666666666666,0.8333333333333334,0,3,0.0,0.0,716.7008666992188,0.8454035917917887,0.0,0.0,3,0.264203745019096,0.3153368845980374,0.8725129388059688,0.0
1.05272263315268e+18,45,run_r50_bleu_only_round_45,,0.0,0.7398809523809523,0.8541666666666666,0.6666666666666666,0,3,0.03265306122448979,0.0,40.94069163004557,0.8189157446225485,0.0,0.0,3,0.20534770262967553,0.211713353258733,0.5135837120314745,0.0
1.05272263315268e+18,47,run_r50_bleu_only_round_47,,0.0,0.7117424242424243,0.8541666666666666,1.0,0,3,0.07275132275132275,0.0,65.10534286499023,0.8264486193656921,0.0,0.0,3,0.2793473040288489,0.299702799706296,0.7242447986095324,0.0
1.05272263315268e+18,32,run_r50_bleu_only_round_32,,0.0,0.7699561403508772,0.8541666666666666,0.8333333333333334,0,3,0.11549572807179298,0.0,218.25611368815103,0.8374907175699869,0.0,0.0,3,0.2650340720567627,0.31561051299824666,0.8725129388059688,0.0
409824643.0,50,run_r50_bleu_only_round_50,,0.0,0.0,0.0,0.7999999999999999,0,3,0.0,0.0,50.31544494628906,0.78169051806132,0.0,0.0,3,0.0,0.0,0.0,0.0
409824643.0,29,run_r50_bleu_only_round_29,,0.0,0.46859248763114886,0.5375092387287509,0.5,0,6,0.04959349593495935,0.0,30.092288970947266,0.7818532387415568,0.0,0.0,6,0.15771246722736404,0.24260881712896282,0.6456156771196042,0.0
409824643.0,12,run_r50_bleu_only_round_12,,0.0,0.4190804659503767,0.39737178247698735,0.5,0,6,0.07657609014080514,0.0,97.23141543070476,0.8167510330677032,0.0,0.0,6,0.1413678763200732,0.2129052818542371,0.6150833050136912,0.0
409824643.0,43,run_r50_bleu_only_round_43,,0.0,0.0,0.0,0.7999999999999999,0,3,0.0,0.0,52.882198333740234,0.78169051806132,0.0,0.0,3,0.0,0.0,0.0,0.0
409824643.0,3,run_r50_bleu_only_round_3,,0.0,0.301329347504446,0.301329347504446,0.45,0,6,0.04978339623691828,0.0016027586406718126,46.3215529123942,0.7852113544940948,0.0016027586406718126,0.0035838772720673323,6,0.10755378762988849,0.15971813949111643,0.40327026523419685,0.0
409824643.0,27,run_r50_bleu_only_round_27,,0.0,0.4482535785727276,0.4676434676434676,0.5,0,6,0.04959349593495935,0.0,30.092288970947266,0.7818532387415568,0.0,0.0,6,0.13960928252861474,0.21376057575429633,0.6375337881072561,0.0
409824643.0,41,run_r50_bleu_only_round_41,,0.0,0.0,0.0,0.7999999999999999,0,3,0.0,0.0,48.891807556152344,0.7819064060846964,0.0,0.0,3,0.0,0.0,0.0,0.0
409824643.0,35,run_r50_bleu_only_round_35,,0.0,0.35711378568521424,0.3323885109599395,0.5,0,6,0.04914996676514292,0.0,63.56343650817871,0.7897480229536692,0.0,0.0,6,0.10658490051226728,0.1708785143103172,0.5532346355898085,0.0
409824643.0,46,run_r50_bleu_only_round_46,,0.0,0.0,0.0,0.7999999999999999,0,3,0.0,0.0,50.31544494628906,0.78169051806132,0.0,0.0,3,0.0,0.0,0.0,0.0
409824643.0,4,run_r50_bleu_only_round_4,,0.0,0.34968240623978325,0.34968240623978325,0.7833333333333333,0,6,0.09083940838687808,0.0059961250747191394,58.52208964029948,0.7975830833117167,0.0059961250747191394,0.013407743268663001,6,0.15940085092960785,0.22703746329251945,0.6310605255259263,0.0
409824643.0,48,run_r50_bleu_only_round_48,,0.0,0.0,0.0,0.7999999999999999,0,3,0.0,0.0,50.31544494628906,0.78169051806132,0.0,0.0,3,0.0,0.0,0.0,0.0
409824643.0,37,run_r50_bleu_only_round_37,,0.0,0.44941949031291556,0.5342624854819977,0.5833333333333334,0,6,0.04959349593495935,0.0,30.092288970947266,0.7818532387415568,0.0,0.0,6,0.16544365300167627,0.25199034977914214,0.7044232155851451,0.0
409824643.0,14,run_r50_bleu_only_round_14,,0.0,0.33266699425236007,0.3147130647130647,0.6166666666666667,0,6,0.0,0.0,523.9547983805338,0.8230745295683543,0.0,0.0,6,0.11179565891598671,0.20183351371453473,0.5325437527226884,0.0
409824643.0,49,run_r50_bleu_only_round_49,,0.0,0.0,0.0,0.7999999999999999,0,3,0.0,0.0,50.31544494628906,0.78169051806132,0.0,0.0,3,0.0,0.0,0.0,0.0
409824643.0,36,run_r50_bleu_only_round_36,,0.0,0.3001963032450837,0.2457091237579042,0.6666666666666666,0,6,0.05874785322293275,0.0,57.82522455851237,0.7939493457476298,0.0,0.0,6,0.08078888367988422,0.1423414913039561,0.45819444604174414,0.0
409824643.0,13,run_r50_bleu_only_round_13,,0.0,0.3764165082896831,0.3764165082896831,0.5,0,6,0.044878421927602254,0.0,203.84052276611328,0.8240035871664683,0.0,0.0,6,0.13199861625037926,0.19770135975369588,0.5129741491787231,0.0
409824643.0,28,run_r50_bleu_only_round_28,,0.0,0.39313786542120743,0.43569105691056914,0.5,0,6,0.03292682926829268,0.0,35.24273363749186,0.7895316978295644,0.0,0.0,6,0.1559382197793643,0.2304665986294186,0.6409619069789994,0.0
409824643.0,45,run_r50_bleu_only_round_45,,0.0,0.0,0.0,0.7999999999999999,0,3,0.0,0.0,50.31544494628906,0.78169051806132,0.0,0.0,3,0.0,0.0,0.0,0.0
409824643.0,47,run_r50_bleu_only_round_47,,0.0,0.023809523809523808,0.0,0.6333333333333333,0,3,0.0,0.0,50.31544494628906,0.78169051806132,0.0,0.0,3,0.0,0.0,0.0,0.0
409824643.0,32,run_r50_bleu_only_round_32,,0.0,0.40020244461420934,0.40020244461420934,0.5,0,6,0.04959349593495935,0.0,30.092288970947266,0.7818532387415568,0.0,0.0,6,0.13577595007401902,0.20910076540952666,0.5836823449636376,0.0
3138390312.0,46,run_r50_bleu_only_round_46,,0.0,0.608695652173913,0.6666666666666666,0.9,0,3,0.030303030303030307,0.0,257.10545857747394,0.8136176665623983,0.0,0.0,3,0.25914915935471217,0.3162483036060222,0.7886336751695258,0.0
3138390312.0,26,run_r50_bleu_only_round_26,,0.0,0.73950204384987,0.8888888888888888,0.6666666666666666,0,3,0.0,0.0,137.2869110107422,0.8105945189793905,0.0,0.0,3,0.3307179128344973,0.33807712921289745,0.7801270245332924,0.0
3138390312.0,8,run_r50_bleu_only_round_8,,0.0,0.6855290303566166,0.7624521072796934,0.6666666666666666,0,3,0.04,0.0,130.05037689208984,0.8012067675590515,0.0,0.0,3,0.30267557339525325,0.3049967927507919,0.6668954865619205,0.0
3138390312.0,18,run_r50_bleu_only_round_18,,0.0,0.7727272727272728,0.8888888888888888,0.5,0,3,0.10095238095238095,0.0,183.76853942871094,0.8357397516568502,0.0,0.0,3,0.3157025384447936,0.34365053688265623,0.8120341702859789,0.0
3138390312.0,21,run_r50_bleu_only_round_21,,0.0,0.6434044882320745,0.6434044882320745,0.8333333333333334,0,3,0.0,0.0,98.04750061035156,0.8401989142100016,0.0,0.0,3,0.2822793064039231,0.2832765944075945,0.6118729878978276,0.0
3138390312.0,50,run_r50_bleu_only_round_50,,0.0,0.7107753357753358,0.8571428571428571,1.0,0,3,0.0,0.0,136.8849868774414,0.8153304855028788,0.0,0.0,3,0.3281719449645207,0.3464008168418518,0.7744031410142033,0.0
3138390312.0,20,run_r50_bleu_only_round_20,,0.0,0.7727272727272728,0.8888888888888888,0.6666666666666666,0,3,,0.0,,,0.0,0.0,3,0.33665867791991105,0.3702635541841458,0.8423626743789752,0.0
3138390312.0,41,run_r50_bleu_only_round_41,,0.0,0.7753623188405797,0.8888888888888888,0.8333333333333334,0,3,,0.0,,,0.0,0.0,3,0.3404240797682612,0.3485301217740241,0.7886336751695258,0.0
3138390312.0,4,run_r50_bleu_only_round_4,,0.0,0.7222222222222222,0.7777777777777777,0.6666666666666666,0,3,,0.0,,,0.0,0.0,3,0.3142054122209758,0.3184453197598189,0.7166258375282707,0.0
3138390312.0,45,run_r50_bleu_only_round_45,,0.0,0.6428836863619473,0.7777777777777778,0.6666666666666666,0,3,,0.0,,,0.0,0.0,3,0.26469612556759475,0.3326419030133413,0.7886336751695258,0.0
3138390312.0,35,run_r50_bleu_only_round_35,,0.0,0.8194444444444445,1.0,0.5,0,3,,0.0,,,0.0,0.0,3,0.3322511080522284,0.3405702783615623,0.759907656827929,0.0
3138390312.0,12,run_r50_bleu_only_round_12,,0.0,0.6656314699792961,0.7380952380952381,0.8333333333333334,0,3,,0.0,,,0.0,0.0,3,0.2861854556595547,0.31069517716714445,0.8134674731911642,0.0
3138390312.0,48,run_r50_bleu_only_round_48,,0.0,0.6228632478632479,0.7692307692307692,1.0,0,3,,0.0,,,0.0,0.0,3,0.28212596853580363,0.34753760497905306,0.7744031410142033,0.0
3138390312.0,44,run_r50_bleu_only_round_44,,0.0,0.6089743589743589,0.7692307692307692,0.9,0,3,0.0,0.0,331.02147420247394,0.81437220176061,0.0,0.0,3,0.2775492620727876,0.34656007824159524,0.7744031410142033,0.0
3138390312.0,36,run_r50_bleu_only_round_36,,0.0,0.7727272727272728,0.8888888888888888,0.6666666666666666,0,3,0.03174603174603175,0.0,192.94048055013022,0.8318245808283488,0.0,0.0,3,0.3443241622876701,0.3536176011148464,0.8120341702859789,0.0
3138390312.0,39,run_r50_bleu_only_round_39,,0.0,0.7816627816627816,0.8888888888888888,0.8333333333333334,0,3,0.0,0.0,197.6001714070638,0.8249608874320984,0.0,0.0,3,0.30984368699948167,0.3380453559609359,0.8266114125804572,0.0
3138390312.0,14,run_r50_bleu_only_round_14,,0.0,0.5585449033724896,0.5402298850574713,0.45,0,3,0.0392156862745098,0.0,511.57911427815753,0.8317603866259257,0.0,0.0,3,0.2383589367412348,0.2890114500023916,0.6668954865619205,0.0
3138390312.0,33,run_r50_bleu_only_round_33,,0.0,0.7068965517241379,0.7624521072796934,0.8333333333333334,0,3,0.030303030303030307,0.0,183.51072692871094,0.8180091579755148,0.0,0.0,3,0.31765982933070464,0.32195960976071897,0.7166258375282707,0.0
3138390312.0,3,run_r50_bleu_only_round_3,,0.0,0.6712454212454212,0.7545787545787546,0.6666666666666666,0,3,0.01388888888888889,0.0,105.37440999348958,0.805030365784963,0.0,0.0,3,0.27274785561607673,0.283892436819069,0.6978742132255056,0.0
3138390312.0,37,run_r50_bleu_only_round_37,,0.0,0.7222487657270266,0.8571428571428571,0.8333333333333334,0,3,0.0,0.0,474.10203043619794,0.8208136757214864,0.0,0.0,3,0.3150416722794063,0.33170452928196964,0.7886336751695258,0.0
3138390312.0,1,run_r50_bleu_only_round_1,,0.0,0.6113247863247863,0.6113247863247863,0.6666666666666666,0,3,0.019220264670613333,0.0,61.911120096842446,0.7788280447324117,0.0,0.0,3,0.1794963477674949,0.1795784203637239,0.3655552228545123,0.0
3138390312.0,34,run_r50_bleu_only_round_34,,0.3333333333333333,0.875,1.0,0.5,1,3,0.030303030303030307,0.0,293.81236267089844,0.8411490519841512,0.0,0.0,3,0.3594847379455533,0.36021905995065134,0.759907656827929,0.0
3138390312.0,28,run_r50_bleu_only_round_28,,0.0,0.7638888888888888,0.8888888888888888,1.0,0,3,0.044444444444444446,0.0,234.15341186523438,0.8068740169207255,0.0,0.0,3,0.3665444393414936,0.3794505571473044,0.8423626743789752,0.0
3138390312.0,38,run_r50_bleu_only_round_38,,0.0,0.594017094017094,0.594017094017094,0.8333333333333334,0,3,0.0,0.0,187.79747009277344,0.8107753197352091,0.0,0.0,3,0.24461754958091178,0.24680702111310082,0.537284965911771,0.0
3138390312.0,27,run_r50_bleu_only_round_27,,0.0,0.7008547008547009,0.7777777777777777,0.5,0,3,0.0,0.0,131.01547241210938,0.8105945189793905,0.0,0.0,3,0.28074981366010315,0.29738423042981216,0.6668954865619205,0.0
3138390312.0,47,run_r50_bleu_only_round_47,,0.0,0.6314102564102564,0.7777777777777778,1.0,0,3,0.0,0.0,287.4051259358724,0.8147154251734415,0.0,0.0,3,0.2870489957192472,0.3459563533874416,0.7744031410142033,0.0
3138390312.0,25,run_r50_bleu_only_round_25,,0.0,0.73950204384987,0.8888888888888888,0.5,0,3,0.0,0.0,304.55641682942706,0.80939648548762,0.0,0.0,3,0.30209628899162083,0.3264468763379905,0.7801270245332924,0.0
3138390312.0,31,run_r50_bleu_only_round_31,,0.0,0.7142857142857143,0.7698412698412698,0.6666666666666666,0,3,0.044444444444444446,0.0,234.15341186523438,0.8068740169207255,0.0,0.0,3,0.3079163717310108,0.3124363420913046,0.7166258375282707,0.0
3138390312.0,43,run_r50_bleu_only_round_43,,0.0,0.7513597513597513,0.8888888888888888,1.0,0,3,0.0,0.0,202.66650390625,0.8211113015810648,0.0,0.0,3,0.354227175286528,0.36459587786178815,0.8136749447931934,0.0
3138390312.0,40,run_r50_bleu_only_round_40,,0.0,0.7753623188405797,0.8888888888888888,1.0,0,3,0.0,0.0,205.99878946940103,0.83755491177241,0.0,0.0,3,0.3327585954005022,0.3653260810283086,0.8423626743789752,0.0
3138390312.0,49,run_r50_bleu_only_round_49,,0.0,0.7107753357753358,0.8571428571428571,1.0,0,3,0.0,0.0,418.75763448079425,0.8103531201680502,0.0,0.0,3,0.3281719449645207,0.3464008168418518,0.7744031410142033,0.0
3138390312.0,32,run_r50_bleu_only_round_32,,0.0,0.7533333333333333,0.8888888888888888,0.8333333333333334,0,3,0.030303030303030307,0.0,183.51072692871094,0.8180091579755148,0.0,0.0,3,0.3404240797682612,0.3485301217740241,0.7886336751695258,0.0
3138390312.0,42,run_r50_bleu_only_round_42,,0.0,0.7283537718320326,0.7863247863247863,1.0,0,3,0.037037037037037035,0.0,289.2787577311198,0.8158178925514221,0.0,0.0,3,0.3197036580472703,0.3286788813102595,0.7886336751695258,0.0
